INSERT INTO subscriptions (id, name, description, version, updated_at) VALUES
  ('11111111-1111-1111-1111-111111111111', 'VK Music', 'Музыкальный сервис от ВКонтакте', 0, NOW()),
  ('22222222-2222-2222-2222-222222222222', 'Kinopoisk', 'Кино и сериалы от Яндекса', 0, NOW()),
  ('33333333-3333-3333-3333-333333333333', 'Yandex 360', 'Пакет сервисов от Яндекса', 0, NOW()),
  ('44444444-4444-4444-4444-444444444444', 'Netflix', 'Стриминговый сервис Netflix', 0, NOW()),
  ('55555555-5555-5555-5555-555555555555', 'YouTube Premium', 'Подписка на YouTube без рекламы', 0, NOW());


INSERT INTO users (id, name, surname, phone, version, updated_at) VALUES
  ('10000000-0000-0000-0000-000000000001', 'Иван', 'Иванов', '+70000000001', 0, NOW()),
  ('10000000-0000-0000-0000-000000000002', 'Пётр', 'Петров', '+70000000002', 0, NOW()),
  ('10000000-0000-0000-0000-000000000003', 'Сергей', 'Сергеев', '+70000000003', 0, NOW()),
  ('10000000-0000-0000-0000-000000000004', 'Анна', 'Смирнова', '+70000000004', 0, NOW()),
  ('10000000-0000-0000-0000-000000000005', 'Ольга', 'Кузнецова', '+70000000005', 0, NOW()),
  ('10000000-0000-0000-0000-000000000006', 'Елена', 'Попова', '+70000000006', 0, NOW()),
  ('10000000-0000-0000-0000-000000000007', 'Алексей', 'Соколов', '+70000000007', 0, NOW()),
  ('10000000-0000-0000-0000-000000000008', 'Мария', 'Лебедева', '+70000000008', 0, NOW()),
  ('10000000-0000-0000-0000-000000000009', 'Николай', 'Козлов', '+70000000009', 0, NOW()),
  ('10000000-0000-0000-0000-000000000010', 'Ирина', 'Новикова', '+70000000010', 0, NOW());

INSERT INTO user_subscriptions (id, user_id, subscription_id, created_at) VALUES
  (gen_random_uuid(), '10000000-0000-0000-0000-000000000001', '11111111-1111-1111-1111-111111111111', NOW()),
  (gen_random_uuid(), '10000000-0000-0000-0000-000000000001', '22222222-2222-2222-2222-222222222222', NOW()),
  (gen_random_uuid(), '10000000-0000-0000-0000-000000000002', '33333333-3333-3333-3333-333333333333', NOW()),
  (gen_random_uuid(), '10000000-0000-0000-0000-000000000003', '44444444-4444-4444-4444-444444444444', NOW()),
  (gen_random_uuid(), '10000000-0000-0000-0000-000000000004', '55555555-5555-5555-5555-555555555555', NOW()),
  (gen_random_uuid(), '10000000-0000-0000-0000-000000000005', '11111111-1111-1111-1111-111111111111', NOW()),
  (gen_random_uuid(), '10000000-0000-0000-0000-000000000006', '33333333-3333-3333-3333-333333333333', NOW()),
  (gen_random_uuid(), '10000000-0000-0000-0000-000000000007', '33333333-3333-3333-3333-333333333333', NOW()),
  (gen_random_uuid(), '10000000-0000-0000-0000-000000000008', '55555555-5555-5555-5555-555555555555', NOW()),
  (gen_random_uuid(), '10000000-0000-0000-0000-000000000009', '22222222-2222-2222-2222-222222222222', NOW());